weather_feature,corr_with_delay
W_PRECIPITATION_SUM,0.09928778809754894
W_WIND_GUSTS_10M_MAX,0.052255654148851964
W_TEMPERATURE_2M_MEAN,0.05374694246537354
W_CLOUD_COVER_MEAN,0.06482094958133507
